Time_Stamp,RPM,Clutch_Position,Gear_No,Speed,Braking_Intensity,Engine_Oil_Temp,Coolant_Temp,Tire_Pressure_FR,Tire_Pressure_FL,Tire_Pressure_RR,Tire_Pressure_RL
2024-09-23 10:30:00.000,0,96,0,0,99,75.01,61.09,31.81,30.96,35.41,36.12
2024-09-23 10:30:00.500,0,94,0,0,98,75.05,62.03,31.83,30.97,35.44,36.11
2024-09-23 10:30:01.000,1012,82,1,10,32,75.12,62.09,31.89,30.96,35.42,36.12
2024-09-23 10:30:01.500,1333,78,1,12,35,75.22,62.12,31.89,30.96,35.42,36.12
2024-09-23 10:30:02.000,2013,69,1,15,12,75.31,62.18,31.89,30.96,35.42,36.12
2024-09-23 10:30:02.500,2016,65,1,16,13,75.38,62.19,31.89,30.96,35.42,36.12
2024-09-23 10:30:03.000,2453,53,1,20,0,75.41,62.26,31.89,30.96,35.42,36.12
2024-09-23 10:30:03.500,2653,24,1,20,0,75.46,62.35,31.89,30.96,35.42,36.12
2024-09-23 10:30:04.000,2432,21,2,25,0,75.49,62.44,31.89,30.96,35.42,36.12
2024-09-23 10:30:04.500,2000,13,2,30,0,75.52,62.46,31.89,30.96,35.42,36.12
2024-09-23 10:30:05.000,2121,0,2,35,0,75.53,62.55,31.89,30.96,35.42,36.12
2024-09-23 10:30:05.500,2232,0,2,32,0,75.56,62.56,31.89,30.96,35.42,36.12
2024-09-23 10:30:06.000,2012,0,2,35,0,75.65,62.57,31.89,30.96,35.42,36.12
2024-09-23 10:30:06.500,2413,0,2,36,0,75.72,62.67,31.89,30.96,35.42,36.12
2024-09-23 10:30:07.000,2102,0,3,36,0,75.81,62.72,31.89,30.96,35.42,36.12
2024-09-23 10:30:07.500,1923,0,3,37,0,75.86,62.74,31.89,30.96,35.42,36.12
2024-09-23 10:30:08.000,1956,0,3,38,0,75.91,62.83,31.89,30.96,35.42,36.12
2024-09-23 10:30:08.500,2321,0,3,82,0,75.97,62.85,31.89,30.96,35.42,36.12
2024-09-23 10:30:09.000,2015,0,3,82,0,76.06,62.89,31.89,30.96,35.42,36.12
2024-09-23 10:30:09.500,2133,0,3,82,0,76.12,62.89,31.89,30.96,35.42,36.12
2024-09-23 10:30:10.000,2015,0,3,82,0,76.15,62.96,31.89,30.96,35.42,36.12
2024-09-23 10:30:10.500,2315,0,3,83,0,76.17,62.99,31.89,30.96,35.42,36.12
2024-09-23 10:30:11.000,2503,0,3,83,0,76.24,63.07,31.89,30.96,35.42,36.12
2024-09-23 10:30:11.500,2532,0,3,85,0,76.34,63.12,31.89,30.96,35.42,36.12
2024-09-23 10:30:12.000,2631,0,3,85,0,76.42,63.2,31.89,30.96,35.42,36.12
2024-09-23 10:30:12.500,2548,0,3,85,0,76.52,63.28,31.89,30.96,35.42,36.12
2024-09-23 10:30:13.000,2635,0,3,85,0,76.61,63.34,31.89,30.96,35.42,36.12
2024-09-23 10:30:13.500,2684,0,3,85,0,76.63,63.39,31.89,30.96,35.42,36.12
2024-09-23 10:30:14.000,2549,0,3,87,0,76.72,63.42,31.89,30.96,35.42,36.12
2024-09-23 10:30:14.500,2548,0,3,87,0,76.74,63.48,31.89,30.96,35.42,36.12
2024-09-23 10:30:15.000,2598,0,3,89,0,76.79,63.48,31.89,30.96,35.42,36.12
2024-09-23 10:30:15.500,2634,0,3,89,0,76.82,63.49,31.89,30.96,35.42,36.12
2024-09-23 10:30:16.000,2745,0,3,89,0,76.91,63.5,31.89,30.96,35.42,36.12
2024-09-23 10:30:16.500,2785,0,3,89,0,76.99,63.59,31.89,30.96,35.42,36.12
2024-09-23 10:30:17.000,2741,0,3,90,0,77.07,63.66,31.89,30.96,35.42,36.12
2024-09-23 10:30:17.500,2745,0,3,90,0,77.11,63.74,31.89,30.96,35.42,36.12
2024-09-23 10:30:18.000,2789,0,3,90,0,77.14,63.78,31.89,30.96,35.42,36.12
2024-09-23 10:30:18.500,2536,0,3,90,0,77.15,63.8,31.89,30.96,35.42,36.12
2024-09-23 10:30:19.000,2345,0,3,92,0,77.19,63.87,31.89,30.96,35.42,36.12
2024-09-23 10:30:19.500,2365,0,3,92,0,77.22,63.96,31.89,30.96,35.42,36.12
2024-09-23 10:30:20.000,2451,0,3,93,0,77.29,64.05,31.89,30.96,35.42,36.12
2024-09-23 10:30:20.500,1990,0,3,93,0,77.36,64.07,31.89,30.96,35.42,36.12
2024-09-23 10:30:21.000,1835,0,3,93,0,77.44,64.15,31.89,30.96,35.42,36.12
2024-09-23 10:30:21.500,2365,0,3,93,0,77.49,64.24,31.89,30.96,35.42,36.12
2024-09-23 10:30:22.000,2541,0,3,94,0,77.49,64.33,31.89,30.96,35.42,36.12
2024-09-23 10:30:22.500,2698,0,3,94,0,77.58,64.36,31.89,30.96,35.42,36.12
2024-09-23 10:30:23.000,2785,0,3,94,0,77.63,64.4,31.89,30.96,35.42,36.12
2024-09-23 10:30:23.500,2856,0,3,94,0,77.71,64.48,31.89,30.96,35.42,36.12
2024-09-23 10:30:24.000,2895,0,3,95,0,77.79,64.54,31.89,30.96,35.42,36.12
2024-09-23 10:30:24.500,2854,0,3,95,0,77.84,64.56,31.89,30.96,35.42,36.12
2024-09-23 10:30:25.000,2875,0,0,95,0,77.93,64.57,31.89,30.96,35.42,36.12
2024-09-23 10:30:25.500,2853,0,0,95,0,78.02,64.61,31.89,30.96,35.42,36.12
2024-09-23 10:30:26.000,2514,0,3,95,20,78.1,64.62,31.89,30.96,35.42,36.12
2024-09-23 10:30:26.500,2536,0,3,95,35,78.16,64.69,31.89,30.96,35.42,36.12
2024-09-23 10:30:27.000,2635,0,3,95,32,78.2,64.71,31.89,30.96,35.42,36.12
2024-09-23 10:30:27.500,2653,0,3,97,32,78.21,64.79,31.89,30.96,35.42,36.12
2024-09-23 10:30:28.000,2645,0,3,97,32,78.27,64.82,31.89,30.96,35.42,36.12
2024-09-23 10:30:28.500,2689,0,3,97,32,78.33,64.87,31.89,30.96,35.42,36.12
2024-09-23 10:30:29.000,2698,0,3,97,35,78.38,64.94,31.89,30.96,35.42,36.12
2024-09-23 10:30:29.500,1212,0,3,97,35,78.44,64.95,31.89,30.96,35.42,36.12
2024-09-23 10:30:30.000,1326,0,3,97,35,78.51,65.02,31.89,30.96,35.42,36.12
2024-09-23 10:30:30.500,1256,0,3,97,12,78.56,65.09,31.89,30.96,35.42,36.12
2024-09-23 10:30:31.000,2451,0,3,97,12,78.57,65.19,31.89,30.96,35.42,36.12
2024-09-23 10:30:31.500,2536,0,4,99,12,78.58,65.29,31.89,30.96,35.42,36.12
2024-09-23 10:30:32.000,2965,0,4,99,11,78.63,65.33,31.89,30.96,35.42,36.12
2024-09-23 10:30:32.500,2451,0,4,99,0,78.66,65.4,31.89,30.96,35.42,36.12
2024-09-23 10:30:33.000,2356,0,4,99,0,78.67,65.42,31.89,30.96,35.42,36.12
2024-09-23 10:30:33.500,3012,0,4,99,0,78.75,65.5,31.89,30.96,35.42,36.12
2024-09-23 10:30:34.000,3210,0,4,99,0,78.83,65.51,31.89,30.96,35.42,36.12
2024-09-23 10:30:34.500,3102,0,4,100,0,78.92,65.6,31.89,30.96,35.42,36.12
2024-09-23 10:30:35.000,3012,0,4,100,0,79.01,65.7,31.89,30.96,35.42,36.12
2024-09-23 10:30:35.500,3056,0,4,100,0,79.06,65.78,31.89,30.96,35.42,36.12
2024-09-23 10:30:36.000,3048,0,4,100,0,79.14,65.81,31.89,30.96,35.42,36.12
2024-09-23 10:30:36.500,3258,0,4,100,0,79.18,65.86,31.89,30.96,35.42,36.12
2024-09-23 10:30:37.000,3265,0,4,101,0,79.19,65.95,31.89,30.96,35.42,36.12
2024-09-23 10:30:37.500,3248,0,4,102,0,79.29,65.98,31.89,30.96,35.42,36.12
2024-09-23 10:30:38.000,3249,0,4,102,0,79.36,66.03,31.89,30.96,35.42,36.12
2024-09-23 10:30:38.500,3356,0,4,102,0,79.45,66.13,31.89,30.96,35.42,36.12
2024-09-23 10:30:39.000,3398,0,4,102,0,79.52,66.21,31.89,30.96,35.42,36.12
2024-09-23 10:30:39.500,3374,0,4,102,0,79.59,66.28,31.89,30.96,35.42,36.12
2024-09-23 10:30:40.000,3348,0,4,102,0,79.67,66.31,31.89,30.96,35.42,36.12
2024-09-23 10:30:40.500,3385,0,4,105,0,79.7,66.34,31.89,30.96,35.42,36.12
2024-09-23 10:30:41.000,3395,9,4,105,0,79.8,66.38,31.89,30.96,35.42,36.12
2024-09-23 10:30:41.500,3365,17,4,105,0,79.89,66.48,31.89,30.96,35.42,36.12
2024-09-23 10:30:42.000,3325,21,4,105,0,79.93,66.53,31.89,30.96,35.42,36.12
2024-09-23 10:30:42.500,3345,19,4,105,0,79.94,66.59,31.89,30.96,35.42,36.12
2024-09-23 10:30:43.000,3415,11,4,107,0,79.94,66.6,31.89,30.96,35.42,36.12
2024-09-23 10:30:43.500,3154,7,4,107,0,79.97,66.68,31.89,30.96,35.42,36.12
2024-09-23 10:30:44.000,3021,0,4,107,0,80.06,66.74,31.89,30.96,35.42,36.12
2024-09-23 10:30:44.500,3451,0,4,109,0,80.1,66.76,31.89,30.96,35.42,36.12
2024-09-23 10:30:45.000,365,0,4,109,0,80.15,66.85,31.89,30.96,35.42,36.12
2024-09-23 10:30:45.500,3124,0,4,109,0,80.25,66.93,31.89,30.96,35.42,36.12
2024-09-23 10:30:46.000,3125,0,4,109,0,80.33,67.01,31.89,30.96,35.42,36.12
2024-09-23 10:30:46.500,3128,0,4,109,0,80.36,67.05,31.89,30.96,35.42,36.12
2024-09-23 10:30:47.000,3089,0,4,110,0,80.41,67.11,31.89,30.96,35.42,36.12
2024-09-23 10:30:47.500,3099,0,4,110,0,80.44,67.18,31.89,30.96,35.42,36.12
2024-09-23 10:30:48.000,3267,0,4,110,0,80.5,67.28,31.89,30.96,35.42,36.12
2024-09-23 10:30:48.500,3459,0,4,110,0,80.59,67.31,31.89,30.96,35.42,36.12
2024-09-23 10:30:49.000,3256,0,4,110,0,80.63,67.32,31.89,30.96,35.42,36.12
2024-09-23 10:30:49.500,3259,0,4,111,0,80.72,67.35,31.89,30.96,35.42,36.12
2024-09-23 10:30:50.000,3548,0,5,113,0,80.76,67.38,31.89,30.96,35.42,36.12
2024-09-23 10:30:50.500,3201,0,5,113,0,80.77,67.38,31.89,30.96,35.42,36.12
2024-09-23 10:30:51.000,3258,0,5,113,0,80.84,67.46,31.88,30.96,35.42,36.12
2024-09-23 10:30:51.500,3269,0,5,113,0,80.92,67.51,31.89,30.96,35.42,36.12
2024-09-23 10:30:52.000,3245,0,5,114,0,80.99,67.56,31.89,30.96,35.42,36.12
2024-09-23 10:30:52.500,3256,0,5,115,0,81.01,67.56,31.89,30.96,35.42,36.12
2024-09-23 10:30:53.000,3245,0,5,115,0,81.06,67.64,31.89,30.96,35.42,36.12
2024-09-23 10:30:53.500,3210,0,5,115,0,81.12,67.68,31.89,30.96,35.42,36.12
2024-09-23 10:30:54.000,3329,0,5,115,0,81.18,67.73,31.89,30.96,35.42,36.12
2024-09-23 10:30:54.500,3385,0,5,117,0,81.22,67.78,31.89,30.96,35.42,36.12
2024-09-23 10:30:55.000,3345,0,5,117,0,81.3,67.86,31.89,30.96,35.42,36.12
2024-09-23 10:30:55.500,3356,0,5,117,0,81.33,67.95,31.89,30.96,35.42,36.12
2024-09-23 10:30:56.000,3326,0,5,119,0,81.34,67.97,31.89,30.96,35.42,36.12
2024-09-23 10:30:56.500,3321,0,5,119,0,81.34,68.02,31.89,30.96,35.42,36.12
2024-09-23 10:30:57.000,3325,0,5,119,0,81.44,68.09,31.89,30.96,35.42,36.12
2024-09-23 10:30:57.500,3345,0,5,120,0,81.52,68.12,31.89,30.96,35.42,36.12
2024-09-23 10:30:58.000,3365,0,5,120,0,81.57,68.13,31.89,30.96,35.42,36.12
2024-09-23 10:30:58.500,3389,0,5,120,0,81.67,68.18,31.89,30.96,35.42,36.12
2024-09-23 10:30:59.000,3298,0,5,120,0,81.74,68.19,31.89,30.96,35.42,36.12
2024-09-23 10:30:59.500,3299,0,5,120,0,81.81,68.28,31.89,30.96,35.42,36.12
2024-09-23 10:31:00.000,3294,0,5,120,0,81.85,68.32,31.89,30.96,35.42,36.12
2024-09-23 10:31:00.500,3287,0,5,125,0,81.86,68.41,31.89,30.96,35.42,36.12
2024-09-23 10:31:01.000,3278,0,5,125,0,81.88,68.46,31.89,30.96,35.42,36.12
2024-09-23 10:31:01.500,3258,0,5,130,0,81.97,68.5,31.89,30.96,35.42,36.12
2024-09-23 10:31:02.000,3506,0,5,135,0,82.05,68.58,31.89,30.96,35.42,36.12
2024-09-23 10:31:02.500,3756,0,5,134,0,82.09,68.61,31.89,30.96,35.42,36.12
2024-09-23 10:31:03.000,3765,0,5,134,0,82.11,68.62,31.89,30.96,35.42,36.12
2024-09-23 10:31:03.500,3754,0,5,134,0,82.14,68.63,31.89,30.96,35.42,36.12
2024-09-23 10:31:04.000,3652,0,5,136,0,82.23,68.72,31.89,30.96,35.42,36.12
2024-09-23 10:31:04.500,3654,0,5,136,0,82.23,68.78,31.89,30.96,35.42,36.12
2024-09-23 10:31:05.000,3658,0,5,125,0,82.32,68.79,31.89,30.96,35.42,36.12
2024-09-23 10:31:05.500,3659,0,5,125,0,82.39,68.8,31.89,30.96,35.42,36.12
2024-09-23 10:31:06.000,3649,0,5,130,0,82.4,68.87,31.89,30.96,35.42,36.12
2024-09-23 10:31:06.500,3685,0,5,135,0,82.49,68.96,31.89,30.96,35.42,36.12
2024-09-23 10:31:07.000,3695,0,5,134,0,82.57,69.03,31.89,30.96,35.42,36.12
2024-09-23 10:31:07.500,4201,0,5,134,0,82.67,69.13,31.89,30.96,35.42,36.12
2024-09-23 10:31:08.000,4253,0,5,134,0,82.67,69.18,31.89,30.96,35.42,36.12
2024-09-23 10:31:08.500,4251,0,5,136,0,82.77,69.25,31.89,30.96,35.42,36.12
2024-09-23 10:31:09.000,4210,0,5,136,0,82.86,69.27,31.89,30.96,35.42,36.12
2024-09-23 10:31:09.500,4201,0,5,125,0,82.93,69.28,31.89,30.96,35.42,36.12
2024-09-23 10:31:10.000,4103,0,5,125,0,82.94,69.34,31.89,30.96,35.42,36.12
2024-09-23 10:31:10.500,4132,0,5,130,0,82.96,69.43,31.89,30.96,35.42,36.12
2024-09-23 10:31:11.000,4532,0,5,135,0,83.05,69.5,31.89,30.96,35.42,36.12
2024-09-23 10:31:11.500,4512,0,5,134,0,83.09,69.55,31.89,30.96,35.42,36.12
2024-09-23 10:31:12.000,4562,0,5,134,0,83.16,69.56,31.89,30.96,35.42,36.12
2024-09-23 10:31:12.500,4521,0,5,134,0,83.21,69.61,31.89,30.96,35.42,36.12
2024-09-23 10:31:13.000,4123,0,5,136,0,83.27,69.67,31.89,30.96,35.42,36.12
2024-09-23 10:31:13.500,4263,0,5,136,0,83.34,69.68,31.89,30.96,35.42,36.12
2024-09-23 10:31:14.000,3521,0,5,125,0,83.39,69.78,31.89,30.96,35.42,36.12
2024-09-23 10:31:14.500,3526,0,5,125,0,83.48,69.84,31.89,30.96,35.42,36.12
2024-09-23 10:31:15.000,4120,0,5,130,0,83.55,69.85,31.89,30.96,35.42,36.12
2024-09-23 10:31:15.500,4130,0,5,135,0,83.64,69.94,31.89,30.96,35.42,36.12
2024-09-23 10:31:16.000,4132,0,5,134,0,83.67,69.98,31.89,30.96,35.42,36.12
2024-09-23 10:31:16.500,4321,0,5,134,0,83.67,70.05,31.89,30.96,35.42,36.12
2024-09-23 10:31:17.000,3420,0,5,134,0,83.71,70.11,31.89,30.96,35.42,36.12
2024-09-23 10:31:17.500,3421,0,5,136,0,83.79,70.15,31.89,30.96,35.42,36.12
2024-09-23 10:31:18.000,3451,0,5,136,0,83.83,70.24,31.89,30.96,35.42,36.12
2024-09-23 10:31:18.500,3487,0,5,135,0,83.9,70.26,31.89,30.96,35.42,36.12
2024-09-23 10:31:19.000,3489,0,5,135,0,83.98,70.36,31.89,30.96,35.42,36.12
2024-09-23 10:31:19.500,3465,0,5,135,0,84.08,70.38,31.89,30.96,35.42,36.12
2024-09-23 10:31:20.000,3452,0,5,134,0,84.15,70.45,31.89,30.96,35.42,36.12
2024-09-23 10:31:20.500,3456,0,5,135,0,84.18,70.51,31.89,30.96,35.42,36.12
2024-09-23 10:31:21.000,2451,0,5,135,0,84.2,70.54,31.89,30.96,35.42,36.12
2024-09-23 10:31:21.500,2351,0,5,120,0,84.25,70.6,31.89,30.96,35.42,36.12
2024-09-23 10:31:22.000,2356,0,5,120,0,84.26,70.69,31.89,30.96,35.42,36.12
2024-09-23 10:31:22.500,2301,0,5,120,0,84.34,70.75,31.89,30.96,35.42,36.12
2024-09-23 10:31:23.000,2301,0,5,120,0,84.35,70.78,31.89,30.96,35.42,36.12
2024-09-23 10:31:23.500,2200,0,5,130,0,84.43,70.82,31.89,30.96,35.42,36.12
2024-09-23 10:31:24.000,2563,0,5,130,0,84.51,70.91,31.89,30.96,35.42,36.12
2024-09-23 10:31:24.500,2548,0,5,135,0,84.54,70.98,31.89,30.96,35.42,36.12
2024-09-23 10:31:25.000,2835,0,5,132,0,84.54,71.07,31.89,30.96,35.42,36.12
2024-09-23 10:31:25.500,2895,0,5,130,0,84.57,71.11,31.89,30.96,35.42,36.12
2024-09-23 10:31:26.000,2895,0,5,130,0,84.63,71.18,31.89,30.96,35.42,36.12
2024-09-23 10:31:26.500,2864,0,5,130,0,84.66,71.22,31.89,30.96,35.42,36.12
2024-09-23 10:31:27.000,3120,0,5,132,0,84.75,71.29,31.89,30.96,35.42,36.12
2024-09-23 10:31:27.500,3102,0,5,133,0,84.8,71.38,31.89,30.96,35.42,36.12
2024-09-23 10:31:28.000,3154,0,5,135,0,84.82,71.42,31.89,30.96,35.42,36.12
2024-09-23 10:31:28.500,3165,0,5,135,0,84.92,71.44,31.89,30.96,35.42,36.12
2024-09-23 10:31:29.000,3265,0,5,135,0,84.98,71.48,31.89,30.96,35.42,36.12
2024-09-23 10:31:29.500,3298,0,5,135,0,85.02,71.5,31.89,30.96,35.42,36.12
2024-09-23 10:31:30.000,3287,0,5,135,0,85.07,71.54,31.89,30.96,35.42,36.12
2024-09-23 10:31:30.500,3289,0,5,120,0,85.12,71.58,31.89,30.96,35.42,36.12
2024-09-23 10:31:31.000,3298,0,5,120,0,85.17,71.66,31.89,30.96,35.42,36.12
2024-09-23 10:31:31.500,4000,0,5,120,0,85.24,71.72,31.89,30.96,35.42,36.12
2024-09-23 10:31:32.000,4012,0,5,135,0,85.31,71.78,31.89,30.96,35.42,36.12
2024-09-23 10:31:32.500,4320,0,5,135,0,85.31,71.86,31.89,30.96,35.42,36.12
2024-09-23 10:31:33.000,4021,0,5,135,0,85.4,71.87,31.89,30.96,35.42,36.12
2024-09-23 10:31:33.500,4021,0,5,135,0,85.47,71.88,31.89,30.96,35.42,36.12
2024-09-23 10:31:34.000,3768,0,5,135,0,85.55,71.9,31.89,30.96,35.42,36.12
2024-09-23 10:31:34.500,3768,0,5,135,0,85.63,71.97,31.89,30.96,35.42,36.12
2024-09-23 10:31:35.000,3764,0,5,133,0,85.71,72.06,31.89,30.96,35.42,36.12
2024-09-23 10:31:35.500,3752,0,5,133,0,85.75,72.13,31.89,30.96,35.42,36.12
2024-09-23 10:31:36.000,3725,0,5,133,0,85.76,72.17,31.89,30.96,35.42,36.12
2024-09-23 10:31:36.500,3965,0,5,136,0,85.78,72.23,31.89,30.96,35.42,36.12
2024-09-23 10:31:37.000,3965,0,5,136,0,85.84,72.29,31.89,30.96,35.42,36.12
2024-09-23 10:31:37.500,3856,0,5,141,0,85.91,72.36,31.89,30.96,35.42,36.12
2024-09-23 10:31:38.000,3856,0,5,141,0,86.01,72.4,31.89,30.96,35.42,36.12
2024-09-23 10:31:38.500,3854,0,5,141,0,86.08,72.45,31.89,30.96,35.42,36.12
2024-09-23 10:31:39.000,3854,0,5,141,0,86.17,72.46,31.89,30.96,35.42,36.12
2024-09-23 10:31:39.500,3754,0,5,120,0,86.22,72.51,31.89,30.96,35.42,36.12
2024-09-23 10:31:40.000,3789,0,5,120,0,86.27,72.56,31.89,30.96,35.42,36.12
2024-09-23 10:31:40.500,3758,0,5,100,0,86.28,72.6,31.89,30.96,35.42,36.12
2024-09-23 10:31:41.000,3786,0,5,100,0,86.35,72.69,31.89,30.96,35.42,36.12
2024-09-23 10:31:41.500,3754,0,5,110,0,86.36,72.74,31.89,30.96,35.42,36.12
2024-09-23 10:31:42.000,3756,0,5,110,0,86.43,72.82,31.89,30.96,35.42,36.12
2024-09-23 10:31:42.500,3758,0,5,115,0,86.45,72.92,31.89,30.96,35.42,36.12
2024-09-23 10:31:43.000,3786,0,5,115,0,86.54,72.95,31.89,30.96,35.42,36.12
2024-09-23 10:31:43.500,3865,0,5,115,0,86.62,73.03,31.89,30.96,35.42,36.12
2024-09-23 10:31:44.000,3895,0,5,120,0,86.69,73.04,31.89,30.96,35.42,36.12
2024-09-23 10:31:44.500,3895,0,5,120,0,86.74,73.08,31.89,30.96,35.42,36.12
2024-09-23 10:31:45.000,3869,0,5,120,0,86.79,73.17,31.89,30.96,35.42,36.12
2024-09-23 10:31:45.500,3859,0,5,120,0,86.82,73.24,31.89,30.96,35.42,36.12
2024-09-23 10:31:46.000,3754,0,5,130,0,86.85,73.24,31.89,30.96,35.42,36.12
2024-09-23 10:31:46.500,3865,0,5,135,0,86.91,73.28,31.89,30.96,35.42,36.12
2024-09-23 10:31:47.000,3741,0,5,134,0,86.94,73.34,31.89,30.96,35.42,36.12
2024-09-23 10:31:47.500,3741,0,5,134,0,86.97,73.39,31.89,30.96,35.42,36.12
2024-09-23 10:31:48.000,3265,0,5,134,0,86.99,73.47,31.89,30.96,35.42,36.12
2024-09-23 10:31:48.500,3245,0,5,136,0,87.01,73.51,31.89,30.96,35.42,36.12
2024-09-23 10:31:49.000,2514,0,5,136,0,87.03,73.53,31.89,30.96,35.42,36.12
2024-09-23 10:31:49.500,3562,0,5,136,0,87.09,73.58,31.89,30.96,35.42,36.12
2024-09-23 10:31:50.000,3524,0,5,133,0,87.16,73.6,31.89,30.96,35.42,36.12
2024-09-23 10:31:50.500,3514,0,5,133,0,87.16,73.68,31.89,30.96,35.42,36.12
2024-09-23 10:31:51.000,3562,0,5,133,0,87.21,73.74,31.89,30.96,35.42,36.12
2024-09-23 10:31:51.500,3865,0,5,133,0,87.22,73.76,31.89,30.96,35.42,36.12
2024-09-23 10:31:52.000,3895,0,5,135,0,87.24,73.85,31.89,30.96,35.42,36.12
2024-09-23 10:31:52.500,3865,0,5,135,0,87.25,73.86,31.89,30.96,35.42,36.12
2024-09-23 10:31:53.000,3854,0,5,135,0,87.32,73.87,31.89,30.96,35.42,36.12
2024-09-23 10:31:53.500,3895,0,5,135,0,87.33,73.91,31.89,30.96,35.42,36.12
2024-09-23 10:31:54.000,3864,0,5,133,0,87.35,73.98,31.89,30.96,35.42,36.12
2024-09-23 10:31:54.500,3874,0,5,133,0,87.37,74.02,31.89,30.96,35.42,36.12
2024-09-23 10:31:55.000,3842,0,5,133,0,87.39,74.11,31.89,30.96,35.42,36.12
2024-09-23 10:31:55.500,3865,0,5,120,0,87.48,74.15,31.89,30.96,35.42,36.12
2024-09-23 10:31:56.000,3965,0,5,120,0,87.55,74.25,31.89,30.96,35.42,36.12
2024-09-23 10:31:56.500,3984,0,5,120,0,87.65,74.26,31.89,30.96,35.42,36.12
2024-09-23 10:31:57.000,3986,0,5,110,0,87.73,74.31,31.89,30.96,35.42,36.12
2024-09-23 10:31:57.500,3956,0,5,100,0,87.82,74.38,31.89,30.96,35.42,36.12
2024-09-23 10:31:58.000,3974,0,5,100,0,87.82,74.38,31.89,30.96,35.42,36.12
2024-09-23 10:31:58.500,3975,0,5,100,0,87.87,74.42,31.89,30.96,35.42,36.12
2024-09-23 10:31:59.000,3974,0,5,100,0,87.92,74.45,31.89,30.96,35.42,36.12
2024-09-23 10:31:59.500,3956,0,5,100,0,87.98,74.46,31.89,30.96,35.42,36.12
2024-09-23 10:32:00.000,3965,0,5,120,0,88.03,74.55,31.89,30.96,35.42,36.12
2024-09-23 10:32:00.500,,0,5,120,0,88.05,74.62,31.89,30.96,35.42,36.12
2024-09-23 10:32:01.000,4012,0,5,110,0,88.07,74.69,31.89,30.96,35.42,36.12
2024-09-23 10:32:01.500,4320,0,5,100,0,88.11,74.74,31.89,30.96,35.42,36.12
2024-09-23 10:32:02.000,4021,0,5,100,0,88.16,74.79,31.89,30.96,35.42,36.12
2024-09-23 10:32:02.500,4021,0,5,113,0,88.16,74.8,31.89,30.96,35.42,36.12
2024-09-23 10:32:03.000,3768,0,5,120,0,88.18,74.85,31.89,30.96,35.42,36.12
2024-09-23 10:32:03.500,3768,0,5,126,0,88.23,74.88,31.89,30.96,35.42,36.12
2024-09-23 10:32:04.000,3764,0,5,120,0,88.3,74.89,31.89,30.96,35.42,36.12
2024-09-23 10:32:04.500,3752,0,5,130,0,88.34,74.94,31.89,30.96,35.42,36.12
2024-09-23 10:32:05.000,3725,0,5,135,0,88.42,75,31.89,30.96,35.42,36.12
2024-09-23 10:32:05.500,3965,0,5,135,0,88.43,75.09,31.89,30.96,35.42,36.12
2024-09-23 10:32:06.000,3965,0,5,133,0,88.48,75.1,31.89,30.96,35.42,36.12
2024-09-23 10:32:06.500,3856,0,5,133,0,88.48,75.1,31.89,30.96,35.42,36.12
2024-09-23 10:32:07.000,3856,0,5,132,0,88.51,75.13,31.89,30.96,35.42,36.12
2024-09-23 10:32:07.500,3215,0,5,135,0,88.53,75.15,31.89,30.96,35.42,36.12
2024-09-23 10:32:08.000,2536,0,5,110,0,88.56,75.24,31.89,30.96,35.42,36.12
2024-09-23 10:32:08.500,2133,0,5,90,0,88.59,75.24,31.89,30.96,35.42,36.12
2024-09-23 10:32:09.000,2235,0,5,80,0,88.66,75.29,31.89,30.96,35.42,36.12
2024-09-23 10:32:09.500,1986,0,5,75,0,88.71,75.34,31.89,30.96,35.42,36.12
2024-09-23 10:32:10.000,1336,0,5,60,0,88.74,75.36,31.89,30.96,35.42,36.12
2024-09-23 10:32:10.500,2154,0,5,117,44,88.75,75.43,31.89,30.96,35.42,36.12
2024-09-23 10:32:11.000,2563,0,5,120,51,88.78,75.47,31.89,30.96,35.42,36.12
2024-09-23 10:32:11.500,2869,0,5,115,69,88.83,75.52,31.89,30.96,35.42,36.12
2024-09-23 10:32:12.000,3786,0,5,125,87,88.85,75.57,31.89,30.96,35.42,36.12
2024-09-23 10:32:12.500,3865,0,5,117,99,88.92,75.66,31.89,30.96,35.42,36.12
2024-09-23 10:32:13.000,3895,0,5,120,97,88.99,75.7,31.89,30.96,35.42,36.12
2024-09-23 10:32:13.500,3895,0,5,115,99,89.05,75.8,31.89,30.96,35.42,36.12
2024-09-23 10:32:14.000,3869,0,5,125,99,89.11,75.9,31.89,30.96,35.42,36.12
2024-09-23 10:32:14.500,3859,0,5,130,98,89.19,75.92,31.89,30.96,35.42,36.12
2024-09-23 10:32:15.000,3754,0,5,132,75,89.27,75.98,31.89,30.96,35.42,36.12
2024-09-23 10:32:15.500,3865,0,5,132,63,89.32,76.05,31.89,30.96,35.42,36.12
2024-09-23 10:32:16.000,3741,0,5,132,63,89.39,76.05,31.87,30.96,35.42,36.12
2024-09-23 10:32:16.500,3741,0,5,135,63,89.46,76.15,31.89,30.96,35.42,36.12
2024-09-23 10:32:17.000,3265,0,5,114,0,89.55,76.19,31.89,30.96,35.42,36.12
2024-09-23 10:32:17.500,3245,0,5,100,0,89.57,76.22,31.89,30.96,35.42,36.12
2024-09-23 10:32:18.000,2514,0,5,90,0,89.64,76.23,31.89,30.96,35.42,36.12
2024-09-23 10:32:18.500,3562,0,5,120,0,89.68,76.31,31.89,30.96,35.42,36.12
2024-09-23 10:32:19.000,3524,0,5,133,0,89.76,76.33,31.89,30.96,35.42,36.12
2024-09-23 10:32:19.500,3514,0,5,133,0,89.82,76.34,31.89,30.96,35.42,36.12
2024-09-23 10:32:20.000,3562,0,5,120,0,89.89,76.37,31.89,30.96,35.42,36.12
2024-09-23 10:32:20.500,3865,0,5,120,0,89.99,76.42,31.89,30.96,35.42,36.12
2024-09-23 10:32:21.000,3895,0,5,133,0,90.01,76.48,31.89,30.96,35.42,36.12
2024-09-23 10:32:21.500,3865,0,5,133,0,90.03,76.57,31.89,30.96,35.42,36.12
2024-09-23 10:32:22.000,3854,0,5,130,0,90.1,76.57,31.89,30.96,35.42,36.12
2024-09-23 10:32:22.500,3895,0,5,130,0,90.18,76.66,31.89,30.96,35.42,36.12
2024-09-23 10:32:23.000,3864,0,5,133,0,90.25,76.73,31.89,30.96,35.42,36.12
2024-09-23 10:32:23.500,3874,0,5,135,0,90.28,76.8,31.89,30.96,35.42,36.12
2024-09-23 10:32:24.000,3842,0,5,110,0,90.31,76.83,31.89,30.96,35.42,36.12
2024-09-23 10:32:24.500,3865,0,5,105,0,90.34,76.92,31.89,30.96,35.42,36.12
2024-09-23 10:32:25.000,3965,0,5,100,0,90.37,76.96,31.89,30.96,35.42,36.12
2024-09-23 10:32:25.500,3984,0,5,90,0,90.46,76.97,31.89,30.96,35.42,36.12
2024-09-23 10:32:26.000,3986,0,5,100,0,90.54,76.99,31.89,30.96,35.42,36.12
2024-09-23 10:32:26.500,3956,0,5,115,0,90.64,77.07,31.89,30.96,35.42,36.12
2024-09-23 10:32:27.000,3974,0,5,120,0,90.68,77.13,31.89,30.96,35.42,36.12
2024-09-23 10:32:27.500,3975,0,5,133,0,90.68,77.22,31.89,30.96,35.42,36.12
2024-09-23 10:32:28.000,3974,0,5,125,0,90.77,77.24,31.89,30.96,35.42,36.12
2024-09-23 10:32:28.500,3956,0,5,133,0,90.79,77.34,31.89,30.96,35.42,36.12
2024-09-23 10:32:29.000,3965,0,5,135,0,90.85,77.34,31.89,30.96,35.42,36.12
2024-09-23 10:32:29.500,3562,0,5,133,0,90.87,77.44,31.89,30.96,35.42,36.12
2024-09-23 10:32:30.000,2653,0,5,130,0,90.94,77.5,31.89,30.96,35.42,36.12
2024-09-23 10:32:30.500,2453,0,5,125,0,91.01,77.55,31.89,30.96,35.42,36.12
2024-09-23 10:32:31.000,2589,0,5,110,0,91.05,77.57,31.89,30.96,35.42,36.12
2024-09-23 10:32:31.500,2359,0,5,100,0,91.13,77.61,31.89,30.96,35.42,36.12
2024-09-23 10:32:32.000,2133,0,5,100,0,91.15,77.69,31.89,30.96,35.42,36.12
2024-09-23 10:32:32.500,2210,0,5,96,0,91.16,77.78,31.89,30.96,35.42,36.12
2024-09-23 10:32:33.000,2230,0,5,85,0,91.21,77.84,31.89,30.96,35.42,36.12
2024-09-23 10:32:33.500,2251,0,5,95,0,91.28,77.91,31.89,30.96,35.42,36.12
2024-09-23 10:32:34.000,2263,0,5,105,0,91.32,77.96,31.89,30.96,35.42,36.12
2024-09-23 10:32:34.500,1526,0,5,115,0,91.34,77.99,31.89,30.96,35.42,36.12
2024-09-23 10:32:35.000,1864,0,5,125,0,91.43,78,31.89,30.96,35.42,36.12
2024-09-23 10:32:35.500,3120,0,5,135,0,91.53,78.02,31.89,30.96,35.42,36.12
2024-09-23 10:32:36.000,3260,0,5,133,0,91.55,78.03,31.89,30.96,35.42,36.12
2024-09-23 10:32:36.500,3526,0,5,135,0,91.57,78.05,31.89,30.96,35.42,36.12
2024-09-23 10:32:37.000,3526,0,5,135,0,91.61,78.1,31.89,30.96,35.42,36.12
2024-09-23 10:32:37.500,3524,0,5,133,0,91.61,78.16,31.89,30.96,35.42,36.12
2024-09-23 10:32:38.000,3865,0,5,132,0,91.66,78.22,31.89,30.96,35.42,36.12
2024-09-23 10:32:38.500,3896,0,5,132,0,91.67,78.25,31.89,30.96,35.42,36.12
2024-09-23 10:32:39.000,3857,0,5,132,0,91.73,78.31,31.89,30.96,35.42,36.12
2024-09-23 10:32:39.500,4023,0,5,133,0,91.78,78.4,31.89,30.96,35.42,36.12
2024-09-23 10:32:40.000,4021,0,5,135,0,91.78,78.47,31.89,30.96,35.42,36.12
2024-09-23 10:32:40.500,4025,0,5,120,0,91.82,78.56,31.89,30.96,35.42,36.12
2024-09-23 10:32:41.000,3869,0,5,120,0,91.88,78.65,31.89,30.96,35.42,36.12
2024-09-23 10:32:41.500,3859,0,5,110,0,91.92,78.75,31.89,30.96,35.42,36.12
2024-09-23 10:32:42.000,3754,0,5,100,0,91.92,78.84,31.89,30.96,35.42,36.12
2024-09-23 10:32:42.500,3865,0,5,120,0,92.02,78.87,31.89,30.96,35.42,36.12
2024-09-23 10:32:43.000,3741,0,5,135,0,92.07,78.88,31.89,30.96,35.42,36.12
2024-09-23 10:32:43.500,3741,0,5,135,0,92.12,78.9,31.89,30.96,35.42,36.12
2024-09-23 10:32:44.000,3265,0,5,133,0,92.13,78.99,31.89,30.96,35.42,36.12
2024-09-23 10:32:44.500,3245,0,5,132,0,92.15,79.08,31.89,30.96,35.42,36.12
2024-09-23 10:32:45.000,2514,0,5,132,0,92.22,79.09,31.89,30.96,35.42,36.12
2024-09-23 10:32:45.500,3562,0,5,132,0,92.23,79.16,31.89,30.96,35.42,36.12
2024-09-23 10:32:46.000,3524,0,5,133,0,92.26,79.2,31.89,30.96,35.42,36.12
2024-09-23 10:32:46.500,3514,0,5,122,0,92.27,79.22,31.89,30.96,35.42,36.12
2024-09-23 10:32:47.000,3562,0,5,110,0,92.35,79.28,31.89,30.96,35.42,36.12
2024-09-23 10:32:47.500,3865,0,5,106,0,92.42,79.33,31.89,30.96,35.42,36.12
2024-09-23 10:32:48.000,3895,0,5,122,0,92.48,79.34,31.89,30.96,35.42,36.12
2024-09-23 10:32:48.500,3865,0,5,135,0,92.56,79.43,31.89,30.96,35.42,36.12
2024-09-23 10:32:49.000,3854,0,5,135,0,92.63,79.44,31.89,30.96,35.42,36.12
2024-09-23 10:32:49.500,3895,0,5,133,0,92.72,79.51,31.89,30.96,35.42,36.12
2024-09-23 10:32:50.000,3864,0,5,133,0,92.79,79.55,31.89,30.96,35.42,36.12
2024-09-23 10:32:50.500,3874,0,5,133,0,92.82,79.57,31.89,30.96,35.42,36.12
2024-09-23 10:32:51.000,3842,0,5,135,0,92.91,79.57,31.89,30.96,35.42,36.12
2024-09-23 10:32:51.500,3865,0,5,135,0,92.99,79.63,31.89,30.96,35.42,36.12
2024-09-23 10:32:52.000,3965,0,5,126,0,93.03,79.7,31.89,30.96,35.42,36.12
2024-09-23 10:32:52.500,3984,0,5,113,0,93.09,79.74,31.89,30.96,35.42,36.12
2024-09-23 10:32:53.000,3986,0,5,100,0,93.09,79.76,31.89,30.96,35.42,36.12
2024-09-23 10:32:53.500,3956,0,5,124,0,93.12,79.79,31.89,30.96,35.42,36.12
2024-09-23 10:32:54.000,3974,0,5,137,0,93.2,79.87,31.89,30.96,35.42,36.12
2024-09-23 10:32:54.500,3869,0,5,135,0,93.24,79.92,31.89,30.96,35.42,36.12
2024-09-23 10:32:55.000,3859,0,5,135,0,93.34,80.02,31.89,30.96,35.42,36.12
2024-09-23 10:32:55.500,3754,0,5,133,0,93.35,80.06,31.89,30.96,35.42,36.12
2024-09-23 10:32:56.000,3865,0,5,132,0,93.35,80.1,31.89,30.96,35.42,36.12
2024-09-23 10:32:56.500,3741,0,5,132,0,93.42,80.16,31.89,30.96,35.42,36.12
2024-09-23 10:32:57.000,3741,0,5,133,0,93.52,80.23,31.89,30.96,35.42,36.12
2024-09-23 10:32:57.500,3265,0,5,132,0,93.56,80.31,31.89,30.96,35.42,36.12
2024-09-23 10:32:58.000,3245,0,5,132,0,93.6,80.32,31.89,30.96,35.42,36.12
2024-09-23 10:32:58.500,2514,0,5,127,0,93.66,80.32,31.89,30.96,35.42,36.12
2024-09-23 10:32:59.000,3562,0,5,130,0,93.74,80.37,31.89,30.96,35.42,36.12
2024-09-23 10:32:59.500,3524,0,5,133,0,93.82,80.41,31.89,30.96,35.42,36.12
2024-09-23 10:33:00.000,3514,0,5,132,0,93.83,80.49,31.89,30.96,35.42,36.12
2024-09-23 10:33:00.500,3562,0,5,133,0,93.9,80.51,31.89,30.96,35.42,36.12
2024-09-23 10:33:01.000,3865,0,5,133,0,93.96,80.52,31.89,30.96,35.42,36.12
2024-09-23 10:33:01.500,3895,0,5,100,0,93.97,80.55,31.89,30.96,35.42,36.12
2024-09-23 10:33:02.000,3865,0,5,100,0,94.04,80.61,31.89,30.96,35.42,36.12
2024-09-23 10:33:02.500,3854,0,5,113,0,94.04,80.69,31.89,30.96,35.42,36.12
2024-09-23 10:33:03.000,3895,0,5,120,0,94.13,80.72,31.89,30.96,35.42,36.12
2024-09-23 10:33:03.500,3864,0,5,126,0,94.13,80.76,31.89,30.96,35.42,36.12
2024-09-23 10:33:04.000,3874,0,5,120,0,94.15,80.78,31.89,30.96,35.42,36.12
2024-09-23 10:33:04.500,3842,0,5,130,0,94.18,80.87,31.89,30.96,35.42,36.12
2024-09-23 10:33:05.000,3865,0,5,147,0,94.25,80.93,31.89,30.96,35.42,36.12
2024-09-23 10:33:05.500,3965,0,5,133,0,94.27,80.99,31.89,30.96,35.42,36.12
2024-09-23 10:33:06.000,3984,0,5,133,0,94.3,81.08,31.89,30.96,35.42,36.12
2024-09-23 10:33:06.500,3986,0,5,133,0,94.3,81.17,31.89,30.96,35.42,36.12
2024-09-23 10:33:07.000,3956,0,5,130,0,94.34,81.25,31.89,30.96,35.42,36.12
2024-09-23 10:33:07.500,2563,0,5,129,0,94.38,81.32,31.89,30.96,35.42,36.12
2024-09-23 10:33:08.000,2451,0,5,110,0,94.44,81.41,31.89,30.96,35.42,36.12
2024-09-23 10:33:08.500,2356,0,5,90,0,94.53,81.45,31.89,30.96,35.42,36.12
2024-09-23 10:33:09.000,2356,0,5,80,0,94.55,81.51,31.89,30.96,35.42,36.12
2024-09-23 10:33:09.500,2341,0,5,75,0,94.56,81.6,31.89,30.96,35.42,36.12
2024-09-23 10:33:10.000,2351,0,5,60,0,94.61,81.63,31.89,30.96,35.42,36.12
2024-09-23 10:33:10.500,2203,0,5,76,0,94.69,81.72,31.89,30.96,35.42,36.12
2024-09-23 10:33:11.000,2648,0,5,120,0,94.72,81.76,31.89,30.96,35.42,36.12
2024-09-23 10:33:11.500,2689,0,5,115,0,94.76,81.86,31.89,30.96,35.42,36.12
2024-09-23 10:33:12.000,3102,0,5,125,0,94.86,81.91,31.89,30.96,35.42,36.12
2024-09-23 10:33:12.500,3012,0,5,133,0,94.9,81.97,31.89,30.96,35.42,36.12
2024-09-23 10:33:13.000,3025,0,5,131,0,94.99,82,31.89,30.96,35.42,36.12
2024-09-23 10:33:13.500,3524,0,5,133,0,95.07,82.06,31.89,30.96,35.42,36.12
2024-09-23 10:33:14.000,3625,0,5,131,0,95.07,82.16,31.89,30.96,35.42,36.12
2024-09-23 10:33:14.500,3869,0,5,131,0,95.11,82.22,31.89,30.96,35.42,36.12
2024-09-23 10:33:15.000,3968,0,5,133,0,95.17,82.22,31.89,30.96,35.42,36.12
2024-09-23 10:33:15.500,3968,0,5,131,0,95.22,82.32,31.89,30.96,35.42,36.12
2024-09-23 10:33:16.000,3985,0,5,134,0,95.3,82.39,31.89,30.96,35.42,36.12
2024-09-23 10:33:16.500,3985,0,5,120,0,95.34,82.47,31.89,30.96,35.42,36.12
2024-09-23 10:33:17.000,4003,0,5,114,0,95.41,82.55,31.89,30.96,35.42,36.12
2024-09-23 10:33:17.500,3864,0,5,100,0,95.42,82.59,31.89,30.96,35.42,36.12
2024-09-23 10:33:18.000,3874,0,5,90,0,95.42,82.59,31.89,30.96,35.42,36.12
2024-09-23 10:33:18.500,3842,0,5,120,0,95.51,82.61,31.89,30.96,35.42,36.12
2024-09-23 10:33:19.000,3865,0,5,133,0,95.55,82.65,31.89,30.96,35.42,36.12
2024-09-23 10:33:19.500,3965,0,5,133,0,95.62,82.68,31.89,30.96,35.42,36.12
2024-09-23 10:33:20.000,3984,0,5,120,0,95.67,82.78,31.89,30.96,35.42,36.12
2024-09-23 10:33:20.500,3986,0,5,120,0,95.7,82.81,31.89,30.96,35.42,36.12
2024-09-23 10:33:21.000,3956,0,5,131,0,95.73,82.88,31.89,30.96,35.42,36.12
2024-09-23 10:33:21.500,3974,0,5,133,0,95.75,82.89,31.89,30.96,35.42,36.12
2024-09-23 10:33:22.000,3869,0,5,135,0,95.84,82.92,31.89,30.96,35.42,36.12
2024-09-23 10:33:22.500,3859,0,5,135,0,95.85,82.92,31.89,30.96,35.42,36.12
2024-09-23 10:33:23.000,3754,0,5,133,0,95.88,82.97,31.89,30.96,35.42,36.12
2024-09-23 10:33:23.500,3865,0,5,135,0,95.95,82.98,31.89,30.96,35.42,36.12
2024-09-23 10:33:24.000,3741,0,5,110,0,96.01,83,31.89,30.96,35.42,36.12
2024-09-23 10:33:24.500,3741,0,5,105,0,96.04,83.07,31.89,30.96,35.42,36.12
2024-09-23 10:33:25.000,3265,0,5,100,0,96.09,83.1,31.89,30.96,35.42,36.12
2024-09-23 10:33:25.500,3245,0,5,90,0,96.12,83.19,31.89,30.96,35.42,36.12
2024-09-23 10:33:26.000,2514,0,5,100,0,96.19,83.22,31.89,30.96,35.42,36.12
2024-09-23 10:33:26.500,3562,0,5,115,0,96.26,83.26,31.89,30.96,35.42,36.12
2024-09-23 10:33:27.000,3524,0,5,120,0,96.27,83.27,31.89,30.96,35.42,36.12
2024-09-23 10:33:27.500,3514,0,5,133,0,96.35,83.31,31.89,30.96,35.42,36.12
2024-09-23 10:33:28.000,3562,0,5,135,0,96.39,83.32,31.89,30.96,35.42,36.12
2024-09-23 10:33:28.500,3865,0,5,133,0,96.39,83.33,31.89,30.96,35.42,36.12
2024-09-23 10:33:29.000,3895,0,5,135,0,96.45,83.34,31.89,30.96,35.42,36.12
2024-09-23 10:33:29.500,3865,0,5,133,0,96.53,83.35,31.89,30.96,35.42,36.12
2024-09-23 10:33:30.000,3854,0,5,130,0,96.55,83.43,31.89,30.96,35.42,36.12
2024-09-23 10:33:30.500,3895,0,5,125,0,96.56,83.47,31.89,30.96,35.42,36.12
2024-09-23 10:33:31.000,3864,0,5,110,0,96.63,83.53,31.89,30.96,35.42,36.12
2024-09-23 10:33:31.500,3874,0,5,100,0,96.72,83.54,31.89,30.96,35.42,36.12
2024-09-23 10:33:32.000,3842,0,5,100,0,96.81,83.64,31.89,30.96,35.42,36.12
2024-09-23 10:33:32.500,3865,0,5,96,0,96.87,83.74,31.89,30.96,35.42,36.12
2024-09-23 10:33:33.000,3965,0,5,85,0,96.92,83.81,31.89,30.96,35.42,36.12
2024-09-23 10:33:33.500,3984,0,5,95,0,96.99,83.89,31.89,30.96,35.42,36.12
2024-09-23 10:33:34.000,3864,0,5,105,0,97.03,83.95,31.89,30.96,35.42,36.12
2024-09-23 10:33:34.500,3874,0,5,115,0,97.04,84.03,31.89,30.96,35.42,36.12
2024-09-23 10:33:35.000,3842,0,5,125,0,97.13,84.09,31.89,30.96,35.42,36.12
2024-09-23 10:33:35.500,3865,0,5,135,0,97.21,84.14,31.89,30.96,35.42,36.12
2024-09-23 10:33:36.000,3965,0,5,133,0,97.28,84.17,31.89,30.96,35.42,36.12
2024-09-23 10:33:36.500,3984,0,5,135,0,97.3,84.19,31.89,30.96,35.42,36.12
2024-09-23 10:33:37.000,3986,0,5,133,0,97.33,84.22,31.89,30.96,35.42,36.12
2024-09-23 10:33:37.500,3956,0,5,133,0,97.36,84.32,31.89,30.96,35.42,36.12
2024-09-23 10:33:38.000,3974,0,5,133,0,97.4,84.38,31.89,30.96,35.42,36.12
2024-09-23 10:33:38.500,3869,0,5,132,0,97.47,84.43,31.89,30.96,35.42,36.12
2024-09-23 10:33:39.000,3859,0,5,132,0,97.54,84.49,31.89,30.96,35.42,36.12
2024-09-23 10:33:39.500,3754,0,5,133,0,97.59,84.53,31.89,30.96,35.42,36.12
2024-09-23 10:33:40.000,3865,0,5,135,0,97.64,84.6,31.89,30.96,35.42,36.12
2024-09-23 10:33:40.500,3741,0,5,120,0,97.65,84.67,31.89,30.96,35.42,36.12
2024-09-23 10:33:41.000,3741,0,5,120,0,97.67,84.75,31.89,30.96,35.42,36.12
2024-09-23 10:33:41.500,3265,0,5,110,0,97.76,84.82,31.89,30.96,35.42,36.12
2024-09-23 10:33:42.000,3245,0,5,100,0,97.77,84.91,31.89,30.96,35.42,36.12
2024-09-23 10:33:42.500,2514,0,5,120,0,97.78,84.92,31.89,30.96,35.42,36.12
2024-09-23 10:33:43.000,3562,0,5,120,0,97.85,84.96,31.89,30.96,35.42,36.12
2024-09-23 10:33:43.500,3524,0,5,120,0,97.9,84.98,31.89,30.96,35.42,36.12
2024-09-23 10:33:44.000,3514,0,5,110,0,97.98,85.02,31.89,30.96,35.42,36.12
2024-09-23 10:33:44.500,3562,0,5,100,0,97.99,85.07,31.89,30.96,35.42,36.12
2024-09-23 10:33:45.000,3865,0,5,120,0,98.05,85.14,31.89,30.96,35.42,36.12
2024-09-23 10:33:45.500,3895,0,5,125,0,98.13,85.24,31.89,30.96,35.42,36.12
2024-09-23 10:33:46.000,3865,0,5,133,0,98.17,85.29,31.88,30.96,35.42,36.12
2024-09-23 10:33:46.500,3854,0,5,122,0,98.25,85.31,31.89,30.96,35.42,36.12
2024-09-23 10:33:47.000,3895,0,5,110,0,98.3,85.36,31.89,30.96,35.42,36.12
2024-09-23 10:33:47.500,3864,0,5,106,0,98.3,85.46,31.89,30.96,35.42,36.12
2024-09-23 10:33:48.000,3874,0,5,122,0,98.38,85.56,31.89,30.96,35.42,36.12
2024-09-23 10:33:48.500,3842,0,5,135,0,98.42,85.61,31.89,30.96,35.42,36.12
2024-09-23 10:33:49.000,3865,0,5,125,0,98.48,85.66,31.89,30.96,35.42,36.12
2024-09-23 10:33:49.500,3965,0,5,133,0,98.5,85.71,31.89,30.96,35.42,36.12
2024-09-23 10:33:50.000,3984,0,5,130,0,98.56,85.77,31.89,30.96,35.42,36.12
2024-09-23 10:33:50.500,3864,0,5,133,0,98.6,85.84,31.89,30.96,35.42,36.12
2024-09-23 10:33:51.000,3874,0,5,130,0,98.7,85.88,31.89,30.96,35.42,36.12
2024-09-23 10:33:51.500,3842,0,5,133,0,98.75,85.9,31.89,30.96,35.42,36.12
2024-09-23 10:33:52.000,3865,0,5,126,0,98.79,85.93,31.89,30.96,35.42,36.12
2024-09-23 10:33:52.500,3965,0,5,113,0,98.86,85.96,31.89,30.96,35.42,36.12
2024-09-23 10:33:53.000,3984,0,5,100,0,98.94,85.99,31.89,30.96,35.42,36.12
2024-09-23 10:33:53.500,3986,0,5,124,0,99.02,86,31.89,30.96,35.42,36.12
2024-09-23 10:33:54.000,3956,0,5,13132,0,99.12,86.02,31.89,30.96,35.42,36.12
2024-09-23 10:33:54.500,3974,0,5,132,0,99.19,86.05,31.89,30.96,35.42,36.12
2024-09-23 10:33:55.000,3869,0,5,132,0,99.22,86.12,31.89,30.96,35.42,36.12
2024-09-23 10:33:55.500,3859,0,5,133,0,99.23,86.17,31.89,30.96,35.42,36.12
2024-09-23 10:33:56.000,3754,0,5,135,0,99.27,86.21,31.89,30.96,35.42,36.12
2024-09-23 10:33:56.500,3865,0,5,135,0,99.34,86.29,31.89,30.96,35.42,36.12
2024-09-23 10:33:57.000,3741,0,5,133,0,99.38,86.31,31.89,30.96,35.42,36.12
2024-09-23 10:33:57.500,3741,0,5,135,35,99.47,86.37,31.89,30.96,35.42,36.12
2024-09-23 10:33:58.000,3265,0,5,135,45,99.49,86.4,31.89,30.96,35.42,36.12
2024-09-23 10:33:58.500,3245,0,5,127,45,99.59,86.42,31.89,30.96,35.42,36.12
2024-09-23 10:33:59.000,2514,0,5,130,45,99.62,86.52,31.89,30.96,35.42,36.12
2024-09-23 10:33:59.500,3562,0,5,133,42,99.64,86.52,31.89,30.96,35.42,36.12
2024-09-23 10:34:00.000,3524,0,5,123,42,97.21,86.56,31.89,30.96,35.42,36.12
2024-09-23 10:34:00.500,3514,0,5,133,43,97.28,86.62,31.89,30.96,35.42,36.12
2024-09-23 10:34:01.000,3562,0,5,135,43,97.3,86.67,31.89,30.96,35.42,36.12
2024-09-23 10:34:01.500,3865,0,5,135,53,97.33,86.76,31.89,30.96,35.42,36.12
2024-09-23 10:34:02.000,3895,0,5,133,53,97.36,86.82,31.89,30.96,35.42,36.12
2024-09-23 10:34:02.500,3865,0,5,133,53,97.4,86.85,31.89,30.96,35.42,36.12
2024-09-23 10:34:03.000,3854,0,5,135,52,97.47,86.89,31.89,30.96,35.42,36.12
2024-09-23 10:34:03.500,3895,0,5,127,52,97.54,86.96,31.89,30.96,35.42,36.12
2024-09-23 10:34:04.000,3864,0,5,130,56,97.59,87.03,31.89,30.96,35.42,36.12
2024-09-23 10:34:04.500,3874,0,5,133,56,97.64,87.06,31.89,30.96,35.42,36.12
2024-09-23 10:34:05.000,3842,0,5,133,59,97.65,87.11,31.89,30.96,35.42,36.12
2024-09-23 10:34:05.500,3865,0,5,133,59,97.67,87.15,31.89,30.96,35.42,36.12
2024-09-23 10:34:06.000,3965,0,5,135,0,97.76,87.21,31.89,30.96,35.42,36.12
2024-09-23 10:34:06.500,3984,0,5,135,0,97.77,87.23,31.89,30.96,35.42,36.12
2024-09-23 10:34:07.000,2514,0,5,126,0,97.78,87.3,31.89,30.96,35.42,36.12
2024-09-23 10:34:07.500,3562,0,5,113,0,97.85,87.34,31.89,30.96,35.42,36.12
2024-09-23 10:34:08.000,3524,0,5,100,0,97.9,87.4,31.89,30.96,35.42,36.12
2024-09-23 10:34:08.500,3514,0,5,124,0,97.98,87.41,31.89,30.96,35.42,36.12
2024-09-23 10:34:09.000,3562,0,5,135,0,97.99,87.5,31.89,30.96,35.42,36.12
2024-09-23 10:34:09.500,3865,0,5,132,0,98.05,87.55,31.89,30.96,35.42,36.12
2024-09-23 10:34:10.000,3895,0,5,131,0,98.13,87.63,31.89,30.96,35.42,36.12
2024-09-23 10:34:10.500,3865,0,5,133,0,98.17,87.66,31.89,30.96,35.42,36.12
2024-09-23 10:34:11.000,3854,0,5,166,0,98.25,87.69,31.89,30.96,35.42,36.12
2024-09-23 10:34:11.500,3895,0,5,131,0,98.3,87.74,31.89,30.96,35.42,36.12
2024-09-23 10:34:12.000,3864,0,5,131,0,98.3,87.78,31.89,30.96,35.42,36.12
2024-09-23 10:34:12.500,3874,0,5,131,0,98.38,87.83,31.89,30.96,35.42,36.12
2024-09-23 10:34:13.000,3842,0,5,130,0,98.42,87.89,31.89,30.96,35.42,36.12
2024-09-23 10:34:13.500,3865,0,5,130,0,98.48,87.9,31.89,30.96,35.42,36.12
2024-09-23 10:34:14.000,3965,0,5,130,0,98.5,87.92,31.89,30.96,35.42,36.12
2024-09-23 10:34:14.500,3984,0,5,133,0,98.56,88.02,31.89,30.96,35.42,36.12
2024-09-23 10:34:15.000,2514,0,5,130,0,98.6,88.07,31.89,30.96,35.42,36.12
2024-09-23 10:34:15.500,3562,0,5,133,0,98.7,88.1,31.89,30.96,35.42,36.12
2024-09-23 10:34:16.000,3524,0,5,130,0,98.75,88.16,31.89,30.96,35.42,36.12
2024-09-23 10:34:16.500,3514,0,5,130,0,98.79,88.24,31.89,30.96,35.42,36.12
2024-09-23 10:34:17.000,3562,0,5,130,0,98.86,88.32,31.89,30.96,35.42,36.12
2024-09-23 10:34:17.500,3865,0,5,132,0,98.94,88.34,31.89,30.96,35.42,36.12
2024-09-23 10:34:18.000,3895,0,5,135,0,99.02,88.42,31.89,30.96,35.42,36.12
2024-09-23 10:34:18.500,3865,0,5,127,0,99.12,88.45,31.89,30.96,35.42,36.12
2024-09-23 10:34:19.000,3854,0,5,130,0,99.19,88.48,31.89,30.96,35.42,36.12
2024-09-23 10:34:19.500,3895,0,5,133,0,99.22,88.54,31.89,30.96,35.42,36.12
2024-09-23 10:34:20.000,3864,0,5,133,0,99.23,88.57,31.89,30.96,35.42,36.12
2024-09-23 10:34:20.500,3874,0,5,133,0,99.27,88.66,31.89,30.96,35.42,36.12
2024-09-23 10:34:21.000,3842,0,5,133,0,99.34,88.68,31.89,30.96,35.42,36.12
2024-09-23 10:34:21.500,3865,0,5,133,0,99.38,88.69,31.89,30.96,35.42,36.12
2024-09-23 10:34:22.000,3965,0,5,126,0,99.47,88.77,31.89,30.96,35.42,36.12
2024-09-23 10:34:22.500,3984,0,5,113,0,99.49,88.79,31.89,30.96,35.42,36.12
2024-09-23 10:34:23.000,2514,0,5,100,0,99.59,88.88,31.89,30.96,35.42,36.12
2024-09-23 10:34:23.500,3562,0,5,124,0,99.62,88.89,31.89,30.96,35.42,36.12
2024-09-23 10:34:24.000,3524,0,5,137,0,99.64,88.93,31.89,30.96,35.42,36.12
2024-09-23 10:34:24.500,3514,0,5,133,0,97.21,88.93,31.89,30.96,35.42,36.12
2024-09-23 10:34:25.000,3562,0,5,133,0,97.28,88.99,31.89,30.96,35.42,36.12
2024-09-23 10:34:25.500,3865,0,5,133,0,97.3,89.02,31.89,30.96,35.42,36.12
2024-09-23 10:34:26.000,3895,0,5,166,0,97.33,89.03,31.89,30.96,35.42,36.12
2024-09-23 10:34:26.500,3865,0,5,133,0,97.36,89.1,31.89,30.96,35.42,36.12
2024-09-23 10:34:27.000,3854,0,5,133,0,97.4,89.11,31.89,30.96,35.42,36.12
2024-09-23 10:34:27.500,3895,0,5,133,0,97.47,89.12,31.89,30.96,35.42,36.12
2024-09-23 10:34:28.000,3864,0,5,135,0,97.54,89.13,31.89,30.96,35.42,36.12
2024-09-23 10:34:28.500,3874,0,5,127,0,97.59,89.17,31.89,30.96,35.42,36.12
2024-09-23 10:34:29.000,3842,0,5,130,0,97.64,89.18,31.89,30.96,35.42,36.12
2024-09-23 10:34:29.500,3865,0,5,133,0,97.65,89.27,31.89,30.96,35.42,36.12
2024-09-23 10:34:30.000,3965,0,5,133,0,97.67,89.33,31.89,30.96,35.42,36.12
2024-09-23 10:34:30.500,3984,0,5,133,0,97.76,89.41,31.89,30.96,35.42,36.12
2024-09-23 10:34:31.000,2514,0,5,133,0,97.77,89.46,31.89,30.96,35.42,36.12
2024-09-23 10:34:31.500,3562,0,5,133,0,97.78,89.52,31.89,30.96,35.42,36.12
2024-09-23 10:34:32.000,3524,0,5,133,0,97.85,89.59,31.89,30.96,35.42,36.12
2024-09-23 10:34:32.500,3514,0,5,133,0,97.9,89.65,31.89,30.96,35.42,36.12
2024-09-23 10:34:33.000,3562,0,5,135,0,97.98,89.72,31.89,30.96,35.42,36.12
2024-09-23 10:34:33.500,3865,0,5,127,0,97.99,89.75,31.89,30.96,35.42,36.12
2024-09-23 10:34:34.000,3895,0,5,130,0,98.05,89.77,31.89,30.96,35.42,36.12
2024-09-23 10:34:34.500,3865,0,5,133,0,98.13,89.82,31.89,30.96,35.42,36.12
2024-09-23 10:34:35.000,3854,0,5,133,0,98.17,89.89,31.89,30.96,35.42,36.12
2024-09-23 10:34:35.500,3895,0,5,133,0,98.25,89.99,31.89,30.96,35.42,36.12
2024-09-23 10:34:36.000,3864,0,5,133,0,98.3,90.08,31.89,30.96,35.42,36.12
2024-09-23 10:34:36.500,3874,0,5,133,0,98.3,90.12,31.89,30.96,35.42,36.12
2024-09-23 10:34:37.000,3842,0,5,126,0,98.38,90.16,31.89,30.96,35.42,36.12
2024-09-23 10:34:37.500,3865,0,5,113,0,98.42,90.22,31.89,30.96,35.42,36.12
2024-09-23 10:34:38.000,3965,0,5,100,0,98.48,90.24,31.89,30.96,35.42,36.12
2024-09-23 10:34:38.500,3984,0,5,124,0,98.5,90.28,31.89,30.96,35.42,36.12
2024-09-23 10:34:39.000,2514,0,5,137,0,98.56,90.33,31.89,30.96,35.42,36.12
2024-09-23 10:34:39.500,3562,0,5,133,0,98.6,90.34,31.89,30.96,35.42,36.12
2024-09-23 10:34:40.000,3524,0,5,133,0,98.7,90.34,31.89,30.96,35.42,36.12
2024-09-23 10:34:40.500,3514,0,5,133,0,98.75,90.4,31.89,30.96,35.42,36.12
2024-09-23 10:34:41.000,3562,0,5,166,0,98.79,90.49,31.89,30.96,35.42,36.12
2024-09-23 10:34:41.500,3865,0,5,133,0,98.86,90.5,31.89,30.96,35.42,36.12
2024-09-23 10:34:42.000,3895,0,5,133,0,98.94,90.56,31.89,30.96,35.42,36.12
2024-09-23 10:34:42.500,3865,0,5,133,0,99.02,90.63,31.89,30.96,35.42,36.12
2024-09-23 10:34:43.000,3854,0,5,135,0,99.12,90.7,31.89,30.96,35.42,36.12
2024-09-23 10:34:43.500,3895,0,5,127,0,99.19,90.78,31.89,30.96,35.42,36.12
2024-09-23 10:34:44.000,3864,0,5,130,0,99.22,90.85,31.89,30.96,35.42,36.12
2024-09-23 10:34:44.500,3874,0,5,133,0,99.23,90.9,31.89,30.96,35.42,36.12
2024-09-23 10:34:45.000,3842,0,5,133,0,99.27,90.94,31.89,30.96,35.42,36.12
2024-09-23 10:34:45.500,3865,0,5,133,0,99.34,90.99,31.89,30.96,35.42,36.12
2024-09-23 10:34:46.000,3965,0,5,133,0,99.38,91.08,31.89,30.96,35.42,36.12
2024-09-23 10:34:46.500,3984,0,5,133,0,99.47,91.1,31.89,30.96,35.42,36.12
2024-09-23 10:34:47.000,2514,0,5,133,0,99.49,91.13,31.89,30.96,35.42,36.12
2024-09-23 10:34:47.500,3562,0,5,133,0,99.59,91.18,31.89,30.96,35.42,36.12
2024-09-23 10:34:48.000,3524,0,5,135,0,99.62,91.2,31.89,30.96,35.42,36.12
2024-09-23 10:34:48.500,3514,0,5,127,0,99.64,91.25,31.89,30.96,35.42,36.12
2024-09-23 10:34:49.000,3562,0,5,130,0,97.21,91.26,31.89,30.96,35.42,36.12
2024-09-23 10:34:49.500,3000,0,5,133,0,97.28,91.32,31.89,30.96,35.42,36.12
2024-09-23 10:34:50.000,2963,0,5,133,0,97.3,91.4,31.89,30.96,35.42,36.12
2024-09-23 10:34:50.500,2754,0,5,133,0,97.33,91.42,31.89,30.96,35.42,36.12
2024-09-23 10:34:51.000,2635,0,5,133,0,97.36,91.45,31.89,30.96,35.42,36.12
2024-09-23 10:34:51.500,2415,0,5,133,0,97.4,91.45,31.89,30.96,35.42,36.12
2024-09-23 10:34:52.000,2536,0,5,166,25,97.47,91.55,31.89,30.96,35.42,36.12
2024-09-23 10:34:52.500,2635,35,5,133,35,97.54,91.63,31.89,30.96,35.42,36.12
2024-09-23 10:34:53.000,2415,68,5,133,56,97.59,91.63,31.89,30.96,35.42,36.12
2024-09-23 10:34:53.500,2315,59,4,133,56,97.64,91.71,31.89,30.96,35.42,36.12
2024-09-23 10:34:54.000,2200,58,4,135,59,97.65,91.76,31.89,30.96,35.42,36.12
2024-09-23 10:34:54.500,2133,58,4,100,84,97.67,91.78,31.89,30.96,35.42,36.12
2024-09-23 10:34:55.000,1963,62,3,82,84,97.76,91.79,31.89,30.96,35.42,36.12
2024-09-23 10:34:55.500,1523,62,3,45,0,97.77,91.83,31.89,30.96,35.42,36.12
2024-09-23 10:34:56.000,1336,86,2,42,0,97.78,91.85,31.89,30.96,35.42,36.12
2024-09-23 10:34:56.500,1235,86,2,32,0,97.85,91.89,31.89,30.96,35.42,36.12
2024-09-23 10:34:57.000,1133,86,2,32,0,97.9,91.96,31.89,30.96,35.42,36.12
2024-09-23 10:34:57.500,963,53,1,21,0,97.98,92.04,31.89,30.96,35.42,36.12
2024-09-23 10:34:58.000,989,21,1,21,0,97.99,92.08,31.89,30.96,35.42,36.12
2024-09-23 10:34:58.500,945,12,1,12,0,98.05,92.1,31.89,30.96,35.42,36.12
2024-09-23 10:34:59.000,536,0,1,10,0,98.13,92.17,31.88,30.96,35.42,36.12
2024-09-23 10:34:59.500,0,0,0,0,0,98.17,92.25,31.89,30.96,35.42,36.12
,,,,,0,,,,,,
